{
  "method": "molt",
  "n_total": 31,
  "n_kept": 31,
  "n_dead": 0,
  "n_hyperdense": 31,
  "freq_min": 0.3138962984085083,
  "freq_max": 0.9999880194664001,
  "freq_median": 0.6276800632476807,
  "freq_bounds": [
    0.0001,
    null
  ],
  "kept_feature_ids": [
    0,
    1,
    2,
    3,
    4,
    5,
    6,
    7,
    8,
    9,
    10,
    11,
    12,
    13,
    14,
    15,
    16,
    17,
    18,
    19,
    20,
    21,
    22,
    23,
    24,
    25,
    26,
    27,
    28,
    29,
    30
  ]
}