{
  "molt_1x_lam1e-03": {
    "method": "molt",
    "scale": "1x",
    "lam": 0.001,
    "eval": {
      "nmse": 0.6696032073085274,
      "l0": 20.519498825073242,
      "train_time_s": 9.033276081085205
    }
  },
  "molt_4x_lam1e-03": {
    "method": "molt",
    "scale": "4x",
    "lam": 0.001,
    "eval": {
      "nmse": 0.44402875736033587,
      "l0": 45.29789733886719,
      "train_time_s": 34.431238412857056
    }
  },
  "tc_1x_lam1e+00": {
    "method": "tc",
    "scale": "1x",
    "lam": 1.0,
    "eval": {
      "nmse": 0.5784803032875061,
      "l0": 371.20428466796875,
      "train_time_s": 0.9951026439666748
    }
  },
  "tc_4x_lam3e+00": {
    "method": "tc",
    "scale": "4x",
    "lam": 3.0,
    "eval": {
      "nmse": 0.24465404450893402,
      "l0": 701.9409790039062,
      "train_time_s": 4.905685901641846
    }
  }
}